{
  "0": {
    "execution": {
      "num_procs": 2048,
      "tensor_par": 8,
      "pipeline_par": 1,
      "data_par": 256,
      "tensor_par_net": 0,
      "pipeline_par_net": 0,
      "data_par_net": 1,
      "batch_size": 2304,
      "microbatch_size": 9,
      "datatype": "float16",
      "fused_activation": true,
      "attention_type": "multihead",
      "activation_recompute": "attn_only",
      "pipeline_interleaving": 1,
      "optimizer_sharding": true,
      "tensor_par_comm_type": "rs_ag",
      "tensor_par_overlap": "ring",
      "seq_par_ag_redo": false,
      "data_par_overlap": true,
      "weight_offload": true,
      "activations_offload": true,
      "optimizer_offload": true,
      "training": true
    },
    "stats": {
      "block_fw_flops": 23585542373376,
      "block_fw_flops_time": 0.015065951213712556,
      "block_fw_mem_accessed": 15810592768,
      "block_fw_mem_time": 0.004504442384045584,
      "block_fw_time": 0.020782253666489812,
      "baseblock_fw_tp_time": 0.010419490855384616,
      "edgeblock_fw_tp_time": 0.010419490855384616,
      "baseblock_fw_tp_time_exposed": 0.001037987373583708,
      "edgeblock_fw_tp_time_exposed": 0.001037987373583708,
      "block_re_flops": 17982355931136,
      "block_re_flops_time": 0.011580000602977605,
      "block_re_mem_accessed": 16666312704,
      "block_re_mem_time": 0.004748237237606838,
      "block_re_time": 0.0021690014761544326,
      "baseblock_recomm_time": 0.002591110153846154,
      "edgeblock_recomm_time": 0.002591110153846154,
      "baseblock_recomm_time_exposed": 0,
      "edgeblock_recomm_time_exposed": 0,
      "block_agrad_flops": 23975600062464,
      "block_agrad_flops_time": 0.015418295280770138,
      "block_agrad_mem_accessed": 13923155968,
      "block_agrad_mem_time": 0.003966711101994302,
      "block_agrad_time": 0.020600479123496118,
      "baseblock_agrad_tp_time": 0.010419490855384616,
      "edgeblock_agrad_tp_time": 0.010419490855384616,
      "baseblock_agrad_tp_time_exposed": 0.001013902893583708,
      "edgeblock_agrad_tp_time_exposed": 0.001013902893583708,
      "block_wgrad_flops": 23193484001280,
      "block_wgrad_flops_time": 0.014665162935454973,
      "block_wgrad_mem_accessed": 3334635520,
      "block_wgrad_mem_time": 0.0009500386096866096,
      "block_wgrad_time": 0.015955284752833893,
      "block_optim_flops": 27037120.0,
      "block_optim_flops_time": 2.2530933333333332e-06,
      "block_optim_mem_accessed": 29495040.0,
      "block_optim_mem_time": 1.2606358974358974e-05,
      "block_optim_time": 1.4859452307692308e-05,
      "baseblock_fw_tp_size": 3019898880,
      "edgeblock_fw_tp_size": 3019898880,
      "baseblock_bw_tp_size": 3019898880,
      "edgeblock_bw_tp_size": 3019898880,
      "baseblock_recomm_size": 754974720,
      "edgeblock_recomm_size": 754974720,
      "block_fw_pp_size": 0,
      "block_bw_pp_size": 0,
      "block_dp_size": 1258455040,
      "tp_bw_overlap_req": 527083007812.50006,
      "dp_bw_overlap_req_chunk": 0,
      "dp_bw_overlap_req_tail": 81707419054.40465,
      "block_weight_space": 1258455040,
      "block_act_working_space": 4246732800,
      "block_act_storage_space": 1226833920,
      "block_act_checkpoint_size": 0,
      "block_weight_grad_space": 4915840.0,
      "block_weight_grad_space_no_sharding": 2516910080,
      "block_act_grad_space": 4624220160,
      "block_optimizer_space": 29495040.0,
      "weight_space_with_offload": 2516910080,
      "act_space_with_offload": 5473566720,
      "act_checkpoint_size_with_offload": 0,
      "act_grad_space_with_offload": 4624220160,
      "weight_grad_space_with_offload": 2521825920.0,
      "optimizer_space_with_offload": 58990080.0,
      "weight_space": 132137779200,
      "act_space": 131837460480,
      "act_checkpoint_size": 0,
      "act_grad_space": 4624220160,
      "weight_grad_space": 3028157440.0,
      "optimizer_space": 3096979200.0,
      "fw_time": 2.1821366349814304,
      "bw_time": 3.838355207014651,
      "optim_step_time": 0.0015602424923076923,
      "recompute_time": 0.22774515499621542,
      "recomm_link_time": 0.27206656615384617,
      "recomm_exposed_time": 0,
      "bubble_time": 0.0,
      "tp_comm_link_time": 2.188093079630769,
      "pp_comm_link_time": 0.0,
      "dp_comm_link_time": 5.876990186666666,
      "tp_comm_exposed_time": 0.21544847805257866,
      "pp_comm_exposed_time": 0.0,
      "dp_comm_exposed_time": 2.759830587927177,
      "fw_offload_exposed_time": 0,
      "bw_offload_exposed_time": 0,
      "total_time": 9.22507630546436,
      "act_offload_bw_req": 70850553553.46936,
      "weight_offload_bw_req": 72676696293.2957,
      "optim_offload_bw_req": 988195982.5395224,
      "offload_mem_bw_req": 72676696293.2957,
      "proc_mem_tier1_cap_req": 15195512960.0,
      "proc_mem_tier2_cap_req": 267588382080.0,
      "useful_flops": 70754653474240.0,
      "compute_efficiency": 0.738283819055505,
      "system_efficiency": 0.6527915743007243,
      "total_efficiency": 0.4819454565219943,
      "sample_rate": 249.7540316967627
    }
  }
}